draft_round,Quarterback,Defensive tackle,Offensive tackle,Defensive end,Strong safety,Cornerback,Outside linebacker,Wide receiver,Guard,Linebacker,Running back,Inside linebacker,Safety,Free safety,Center,Tight end,Middle linebacker,Fullback
1,0.76119403,0.75,0.68,0.666666667,0.6,0.581395349,0.526315789,0.460526316,0.4375,0.404761905,0.30952381,0.25,0.217391304,0.2,0.166666667,0.055555556,0,0
2,0.074626866,0.138888889,0.08,0.022222222,0,0.162790698,0.157894737,0.223684211,0.4375,0.238095238,0.357142857,0,0.391304348,0.2,0.166666667,0.166666667,0.666666667,0
3,0.029850746,0.027777778,0.16,0.155555556,0,0.093023256,0,0.144736842,0,0.166666667,0.095238095,0.75,0.217391304,0.2,0,0.333333333,0.333333333,0
4,0.089552239,0,0.04,0.133333333,0,0,0.052631579,0.039473684,0,0.023809524,0.047619048,0,0.043478261,0,0,0,0,1
5,0,0.083333333,0,0.022222222,0,0.069767442,0.052631579,0.131578947,0.125,0.119047619,0.119047619,0,0.086956522,0.1,0.166666667,0.277777778,0,0
6,0.029850746,0,0,0,0,0,0,0,0,0,0,0,0,0.3,0.5,0.166666667,0,0
7,0.014925373,0,0,0,0.4,0,0,0,0,0,0,0,0.043478261,0,0,0,0,0
Undrafted,0,0,0.04,0,0,0.093023256,0.210526316,0,0,0.047619048,0.071428571,0,0,0,0,0,0,0